"CellID","GPX4_protex","CBS","TST","MPST_protex","AIFM2_protex","Erastin_log2","CellLineName","MPST_CN","GPX4_CN","AIFM2_CN"
"ACH-000849",0.693912282766292,1.44508121565069,1.52421883291393,0.143679644196592,-1.28590811552566,-2.06851681714,"MDA-MB-468",1.06145146542956,0.859309218020261,1.05939961785444
"ACH-000441",0.7202021681678,0.0734150020259021,0.649362229189688,1.00004705010071,0.857103361986845,-0.0816462495273,"SH-4",1.45082621478505,0.924051242268122,0.900363987871036
"ACH-000248",-0.987816569595475,-1.61827602959258,-0.138665432521617,-0.271533165504528,1.00118155380185,NA,"AU565",0.959805655389949,0.728728537303086,1.42935255730464
"ACH-000684",-0.743698099216283,-0.720024183723368,-0.874138660604631,-0.218137363752836,-0.344476592366587,-2.05623034909,"KMRC-1",1.01551706049938,1.15034363564614,0.967830702073198
"ACH-000856",0.916936782053383,1.47819160542826,-0.184998244090884,0.117864340092026,-0.858387062359278,0.651328438695,"CAL-51",0.985715277306436,1.1258130598654,1.01189014680251
"ACH-000348",0.184687071953319,-0.421969573487812,-1.05932776830161,-0.547843750570111,0.272408384003607,0.115757133611,"RPMI-7951",0.925799109851778,1.12067468154173,0.894320684473023
"ACH-000062",-0.0268297033119701,-0.263885863268466,0.281931698487828,-0.423024188195284,0.076276573777339,0.110691133946,"RERF-LC-MS",0.915223696817632,0.966714757735263,0.863214722383503
"ACH-000484",-0.0845511231288021,-1.63688445269148,-0.0112706035413264,0.275854176177293,-0.993344328767782,0.860117556886,"VMRC-RCW",0.997219374839669,1.08080543523255,0.96087062056348
"ACH-000739",-0.650886448714982,0.208998956409228,1.72170138330182,1.46750688431415,0.26822393461783,0.883904608837,"Hep G2",0.986996287833621,1.04638624543317,0.950208048445311
"ACH-000361",-0.666890868307389,0.190834867376711,-1.00345075389057,-0.431728198332852,-0.798899603039766,-3.73975486197,"SK-HEP-1",1.03907360702614,0.927656518944356,1.01529821010389
"ACH-001239",1.19271371076882,-0.696972462845665,-0.645235636898569,-0.474338449577985,-0.170941658413668,0.961470257198,"WM-266-4",1.07182074612305,1.11784303538903,0.898020341184978
"ACH-000250",-0.792248697892374,-2.26565015655818,-0.204539645825806,-0.363806050983419,-0.19997050801883,-0.51999037335,"KMRC-20",1.16626755465299,0.778926266079443,1.00349078801559
"ACH-000014",0.151976543040669,-1.1431965810267,-0.799464831815182,-1.19878684305799,-0.101130932609213,0.569814770119,"Hs 294T",0.901000634531494,1.15544029707432,0.883266267153409
"ACH-000713",-0.0374039638843217,0.522737711451072,0.742428847202347,-0.073220362645153,0.918741235123215,1.52719600761,"Caov-3",1.19953546683821,0.746331000905605,1.18296394267784
"ACH-000753",0.290654031253883,0.0614267937077838,-1.27958312734033,-0.570699790795023,0.513312524199808,1.09379514235,"JMSU-1",1.22361252270615,1.28438400769442,1.37160267380698
"ACH-000023",0.240368377069104,-1.34165601675062,-1.00222404871868,-0.199504644463753,0.168014883840688,-0.691730381294,"PA-TU-8988T",0.785122646257091,1.09426834057084,1.08005008460484
"ACH-000711",-0.626707190398721,0.673959765644161,-0.188629857398211,-0.335942471660722,-0.465687527173752,0.55299910772,"JIMT-1",0.88159804813914,0.937757927721129,1.1837698779849
"ACH-000278",-0.124196046863395,0.50852007169835,-0.175777814731311,-0.532983997286473,-0.0191979433666576,-0.0143555004014,"COV362",0.689535550968033,0.6943064352307,1.16333758348861
"ACH-000219",-0.0832596950029492,-0.565261647181129,-0.87080760379822,-0.537031094097692,-0.175941411587492,0.418917986531,"A-375",0.808878063845292,0.924901927025222,0.786798162412993
"ACH-000788",-0.0721942327628053,0.055503216022568,-0.596140646716002,-0.0551381568785068,0.0641382240549406,0.0258540847904,"A2058",0.998487024173102,0.639208642947179,0.978108257363661
"ACH-000651",0.0994148520975793,-0.102210124316915,0.491785534531135,0.554460617249679,0.652318898911367,0.232016879986,"SW 620",1.00758010940977,1.06253625055525,1.33274205718528
"ACH-000935",0.71038733461997,-0.884269626443846,-0.673626536075831,-0.0439740701195244,-0.460260088643793,NA,"MDST8",1.00154190308702,1.07591645358016,1.02189805892295
"ACH-000475",-0.3978038840169,0.247652495122975,1.54116299789818,1.12173992582909,1.06425948704193,0.821279794455,"huH-1",0.835865339695272,1.08612980015205,1.15949088018352
"ACH-000971",-0.380308927857208,-1.35272498076739,-0.0704437532618717,-0.0254647575795707,0.578390914236254,0.15037200778,"HCT 116",1.07031153164363,1.10726405610454,0.9925019862786
"ACH-000393",-1.21210055040245,0.679764148428013,-0.110096145963643,-0.323127663374903,0.123662758986859,-0.340612075786,"HLF",1.11654348190388,0.920699847188113,1.11820542862057
"ACH-000552",0.646320614147653,-1.10066017402736,0.488142891001774,-0.2986014912663,0.348984944203651,0.794782673946,"HT-29",0.768136396231859,0.826630647197043,0.988155772069612
"ACH-000528",0.152738757850154,1.64633307936776,-1.05424242898016,-1.05128753262462,-2.02057381576735,0.221970444722,"ABC-1",0.788819152435775,1.8746163939867,1.21588546883625
"ACH-000783",1.81534250151043,0.52495815604761,-0.668679888466361,-0.0423844421802784,-2.17397465857414,0.406285678284,"CAMA-1",1.10402653050604,1.15150947310117,0.873168642834097
"ACH-000943",-1.10949193671414,-1.67857893913222,-0.599515943596168,0.0317281125798233,0.910062657078159,0.0635628375247,"RKO",0.966164812569515,1.10307809553695,1.00255373621029
"ACH-000986",0.286009415137676,-1.27253299516128,0.701625819211164,0.0815735682070357,1.24061313324568,-1.22686830527,"HT115",0.95378300471201,0.861114713624926,0.954946229975969
"ACH-000734",-0.687285774983161,1.22141512705233,2.19295152846563,2.55111813182765,0.866726035841895,1.04150092863,"JHH-5",0.998798740530913,0.931838852692349,0.745477566486392
"ACH-000547",0.243600248388894,-0.571854172209996,-0.913410139199968,-1.43323700145669,0.593247876696251,-1.39050115079,"HT-1197",0.730886315878221,1.07167657517661,0.956042910116703
"ACH-000480",-0.460611248947767,1.36258405966762,1.45800141315294,1.26717771701955,0.376821189937515,-0.248510479267,"HuH-7",0.982853767075393,1.15149792637288,0.879101832206748
"ACH-000847",1.44406004665634,-2.15591072330535,-0.284377052692566,0.45665251911506,-1.85190987259982,-0.537806017605,"HGC-27",1.04107245354496,1.43878171700064,1.04428164465928
"ACH-000749",-0.496750759890381,1.20563376706533,-0.650487862884821,0.177956412471838,-1.68319212826933,-0.787761716953,"DMS 273",0.829163216510967,1.24185348664846,0.818628597343359
"ACH-000510",-0.245104500177851,0.837168541941641,-1.56110894974213,-0.913223403741684,0.183384232162978,-0.098707630845,"NCI-H1299",0.793235236288044,0.995114076613206,0.851833973960454
"ACH-000234",-0.0646732331616338,-1.02947003775879,0.133636129022905,0.206311296713662,0.604976381860597,0.420604657583,"Caki-2",1.24500736081628,0.643351266420096,0.949154325420647
"ACH-000866",1.55398687310697,2.84386914166554,-0.629310909668489,-0.155000109487115,-0.413340154035904,1.26960447613,"NCI-H1048",1.01370432749911,1.0788074016307,0.974791951079061
"ACH-000778",-0.857338092244663,-1.22556642749539,-0.793092741425355,-0.697289028918205,-0.441710644963309,0.294874134505,"HSC-3",0.846408709532623,0.957102993813282,1.26010188902692
"ACH-000288",0.368054641303445,0.559358927987609,-0.355360636465108,-0.0026835003336649,-0.288461334866654,0.626021380856,"BT-549",0.872004560683105,0.853505592241132,1.20604228529501
"ACH-000958",0.0978414016627947,-0.887570137630568,0.339668840982148,-0.299780453582028,1.26339901635078,NA,"SW48",1.04723371419624,1.09991700940228,1.30583853068786
"ACH-000550",-0.305191154147861,-0.133087105907607,-0.314022273306911,0.432760568076458,0.678912257971191,NA,"IGR-39",1.22386126778941,0.913829335343755,1.01415688494821
"ACH-000019",0.344213988751603,0.101423025042501,2.75973780425423,0.660079814817054,-0.185752309641419,0.318445955414,"MCF7",0.640491788156562,0.627035541874366,1.05652365577645
"ACH-000415",-1.17694629168557,-1.83752372959232,0.0141606345613064,-0.27080555967736,-0.533466665948375,0.224013901136,"BICR 6",1.02409851635689,0.868761095536352,1.06120876799765
"ACH-000661",0.941807597250969,-0.575292264791102,-0.570898369202506,-0.118885471178624,0.742791286894318,0.72535388028,"WM1799",1.2318168121424,0.946799101413539,0.897106432988119
"ACH-000915",0.413671139574095,0.408618284750084,-1.00042200403568,0.270593880930029,1.14747623248969,-0.132190910136,"IPC-298",1.13252448429677,1.12562453909148,1.07488234770505
"ACH-000021",-0.720937545281152,0.41008096784079,-0.504898661456369,-1.17205707506172,-0.506641373391856,-3.02492013802,"NCI-H1693",0.817042724221098,0.86600971772796,0.80633690106508
"ACH-000859",0.138780031954321,0.13164288323345,-0.200340103357243,-0.0990543899866467,-1.02892681737618,-0.33208222058,"HCC1954",0.848128956280365,0.82578351888842,0.827075614442199
"ACH-000530",0.283821455548224,1.80222208852125,-1.01023705624617,0.299652718225559,-1.08800225561895,-0.034244474011,"DMS 114",0.82776479099629,0.804974046478595,1.1973405223422
"ACH-000647",-0.190818291438257,-0.976086731800469,1.13232002245622,0.200092903310117,0.874569676196319,0.508831922516,"TE-1",1.16433641511276,0.845436683134894,1.60677747729881
"ACH-000502",0.283553369790788,-2.431393867074,-0.467122789536383,-0.747336427547403,-0.241094997535393,0.524391589791,"TCC-PAN2",0.750719300801402,0.71785232960583,0.965608109618675
"ACH-000390",-1.47912038310625,-0.939459365020034,-0.0577888792853548,-0.978310833997114,0.565189111056509,-0.897994705399,"LUDLU-1",0.709454741799678,0.81432718219017,1.10941410651556
"ACH-000881",-0.164546731581416,1.91492205106073,-0.791966007713511,0.463842014044329,0.430332657909708,-0.711870739209,"MEL-JUSO",1.08888970240755,1.02021000260207,0.980700096305313
"ACH-000147",0.0220575545427525,0.066434200426452,-0.610262510473645,-0.521684516160772,-1.47983165760909,0.0156982639785,"T-47D",0.761204548794638,0.7139866664062,0.79485129787726
"ACH-000985",1.00106523887628,-1.71584161194291,2.14213628453632,0.915347132240732,1.71592401307402,1.46022515845,"LS411N",1.00207966177103,1.08843142343688,1.19140513552487
"ACH-000090",0.328252065273368,-0.757235243162972,-0.828749038177957,-0.386072701369315,-0.592658323836317,-0.735851173187,"PC-3",0.790125208024674,0.775401539195069,1.84324652584311
"ACH-000865",0.269880990575802,2.99145691741107,-0.382526597210563,-0.0862111636586422,-0.425019724977014,NA,"KYSE-450",0.886117952450451,1.00052357497201,0.91324012413932
"ACH-000473",0.581612321111779,-0.210292982881633,-0.428567312497182,0.490119411358813,-0.681694605947928,0.933830268711,"RT-112",1.04900765904758,1.09725294780661,0.979029067138423
"ACH-000007",-0.946393215642639,-1.4095840183511,2.18897584798931,0.767174849140024,1.15365051649449,0.591737516764,"LS513",0.997855516199314,1.0051921094373,0.987105791572587
"ACH-000012",0.283310522338826,0.4067938464122,1.25941283637518,-0.182639256545549,-2.20604579466825,-1.40781086876,"HCC-827",0.844567391547877,0.958758756575233,0.824209127614388
"ACH-000929",-0.374230377049443,1.42208638230834,0.083945789496053,0.559724973404319,0.70735556146791,0.447215057971,"NCI-H2110",1.02064239718644,0.955937625580251,1.1794421412311
"ACH-000601",-0.660761325224498,0.963057692986824,0.171385087841466,-0.34858929938393,-0.297503327871938,-0.683026972518,"MIA PaCa-2",0.830701708212006,1.13949917847723,0.937025901396882
"ACH-000395",-0.266052787688803,0.841434382990413,-0.539431542321637,-0.694789549252186,1.72502344252907,-0.11342405919,"NCI-H520",0.837845517404842,1.38076816793818,1.27981607348895
"ACH-000842",-0.619421971855783,-1.66496786659442,0.659460033250189,0.101332208577694,0.244127162354497,0.760202173112,"SW 480",0.856902617942659,0.84746951371933,0.861124152595263
"ACH-000383",-0.926982128074675,-2.60005781108068,0.441958020089619,0.306152927252107,0.620491836020971,0.921042582164,"OE33",1.03316055288883,0.976161069766345,1.33163585532853
"ACH-000097",0.502433202850229,-1.03678500199204,-0.826958030316352,-0.166170791352097,-0.112478620857487,0.21179101386,"ZR-75-1",0.733626408929599,1.02092082293677,1.07743835160535
"ACH-000805",0.111665963762609,0.468793675124491,0.0593572906477222,0.0040329564396473,-0.224675609643442,-0.779079609279,"COLO-679",1.96553221677546,1.10864062707996,0.991637328752783
"ACH-000649",1.36086222137478,-0.120827133619718,-0.782471566755352,0.159778339199368,-0.352259610359205,-2.79943731664,"786-O",1.10438808370696,1.12564945730885,1.09259776022275
"ACH-000276",0.457285871077133,-0.020701389403055,-0.929464559980046,-0.540955505989692,0.407680520666304,0.736466095573,"HCC38",0.778237282274105,1.04140460699593,0.987101331979001
"ACH-000347",1.15318127429773,-0.0560011184249845,-0.44905098707029,0.437439569235197,0.46045709352101,0.653946770105,"QGP-1",0.811354216332447,1.08885738023435,1.00482313034224
"ACH-000454",-1.06990032058849,-0.347187978694907,0.0147690701475204,-0.0661836009955613,0.665222333411693,-1.04802307916,"HCC-95",0.809722578420652,0.834134476896636,1.08404010451777
"ACH-000769",-2.03335081053009,1.97333888510812,0.0093259576008841,-0.460099556106755,0.99336102329061,0.761433954252,"LK-2",0.793038159308987,0.814708972608463,0.872803639314575
"ACH-000617",-0.322246896046235,0.744449804980898,1.27782447202937,-0.0437993447724942,-1.25994304721335,-0.989094868053,"OVCAR-4",1.09206888644753,0.835962089510443,1.25988230396246
"ACH-000582",0.437890032033294,0.385475448284909,0.2002264532911,-0.0563460845637876,0.253969719431872,0.497676094147,"COLO 741",0.995166105457217,1.19860695582598,0.914903375411228
"ACH-000035",-0.785751549722703,-0.248270472384488,-0.427427472719702,-0.774617813269216,-0.567821943202263,0.232238128144,"NCI-H1650",1.05479823632197,0.659517994489222,1.06692051987971
"ACH-000579",-0.0598816328174079,-1.27325312996331,-1.37781471614131,-0.390059929797346,-0.346135481079928,0.806473651396,"UACC-257",0.937149151558692,1.24498019057304,0.683142277875287
"ACH-000681",0.0910301231684212,-0.80304091613864,0.61313998986246,0.56362813177013,0.495924726773133,1.13040748642,"A549",0.865410041467942,0.87101881228751,1.01447449025934
"ACH-000114",-1.01662439482946,0.89266782546084,1.06262476425587,-0.810665295757135,-0.614891371269993,0.88788458746,"SU.86.86",1.02935041161726,0.688180561479268,0.848698050465999
"ACH-000481",-0.161716825283293,3.19445095949532,-2.21280412679503,-0.360313180984537,-0.437947892861776,1.41558350711,"NCI-H2170",1.07724895581621,0.913468551891842,0.793107935583557
"ACH-000573",-0.398166179560182,-1.01970889282169,-1.55917025020491,-0.725748590005616,1.2300352448766,0.68186962786,"MDA-MB-436",0.728822924353416,0.822266751908784,1.20502731190667
"ACH-000532",-1.44278787827695,0.0355517935004501,1.89974980070766,0.891335439019529,0.119450311573397,0.740875262426,"SNU-61",0.825235822407412,0.938058118475706,1.16492578778465
"ACH-000670",0.626404934455784,1.68180216956798,-0.17460171780397,0.767660916373974,-2.70854286242002,-0.045919210057,"SBC-5",1.2463547792943,0.89385969473083,1.01289426194706
"ACH-000724",0.040226230955786,-0.372845602821504,-0.233365638946145,-0.785431978602936,0.756836793849779,1.15943136218,"HT-1376",1.03631848875605,0.955583749230361,0.978216727383816
"ACH-000587",1.16920869444458,-0.535747104652808,0.593561804440815,0.528048852094454,0.461853258858928,0.0452115647431,"NCI-H1975",1.09408972384239,1.28457205203613,1.06474199601156
"ACH-000350",0.895322464475185,-3.49209273553057,-1.07298635789059,-1.19881135511087,1.65790631825193,0.513901175099,"COLO-678",0.538909086146876,0.969673694900573,1.13116422700584
"ACH-000635",-0.843651687637174,2.25060850468265,-0.984051338910082,-1.36780229381386,-2.48478759608336,NA,"SNU-119",0.815926413438675,0.940843386482909,0.801092214087321
"ACH-000880",0.253382759505535,-2.21921547760543,-0.603409385046558,-0.240441646053082,0.603830491278808,0.907606113361,"AGS",1.01082883792457,1.06689020570518,0.979042320264813
"ACH-000374",-0.0503912739850336,0.254973747535396,1.15400847242155,0.0306887353368472,0.0621385510193172,0.313594683626,"HCC1143",1.30196883971034,0.834647878705449,0.926923475618334
"ACH-000403",-0.333199815661374,-1.8173129595122,0.143859854045252,-0.534864232480397,0.181449854477786,-2.73767529013,"NCI-H747",0.780321070730958,1.03911257155971,1.01310094920357
"ACH-000416",-0.311040769046005,0.856111924903534,-0.424314491846131,-0.237379064899969,1.07438007443645,0.307267022457,"NCI-H838",0.919067693147157,0.99725149810605,0.971219917804157
"ACH-000207",-0.202573409842159,0.956593588327016,-0.297913411316907,-0.116485117753868,-0.244189578288869,0.48008318357,"Detroit 562",0.792142472118802,0.865080326190856,0.841159978152329
"ACH-000356",-0.309850678587139,-0.242948326780718,-0.208396201229669,0.375751694952672,0.391568611284624,0.635283749548,"MKN-45",0.643910191052113,1.57121943892179,1.08594149537548
"ACH-000678",-1.30347943511185,-1.49369111657803,-0.36402182389936,-1.1582972106237,-0.231245317347617,-0.0476575040897,"MKN7",0.762915281514119,0.812978394195182,0.749114877413951
"ACH-000888",1.95049841474089,0.978935177959877,-0.759986672513066,-0.160457456859351,0.819685607078247,0.941957907979,"NCI-H1793",0.956027259850141,0.98072914998634,0.964837969776558
"ACH-000785",-0.51186378782154,-0.494931813932383,0.633814973187567,0.119231812434339,0.348006176505627,0.810361244658,"NCI-H2126",1.15908606869485,0.40440033182685,0.92864056479865
"ACH-000447",0.337259417277696,0.297132173725653,1.54344487297008,0.404467613405454,0.460932450027965,-0.765001945397,"NCI-H2228",0.685891800815044,1.22447497629199,0.883587728225883
"ACH-000853",0.824318240933761,1.65236567341259,-0.830304603783206,-0.0023315501139551,-1.29037872837065,-0.373534200142,"NCI-H661",0.983211583326657,0.939977507503905,0.887331510695449
"ACH-000967",0.468872031036003,-0.809969783656167,1.19653855188294,1.07063393210533,-0.464972295496468,1.27590330733,"SNU-C2A",1.02115034789855,1.06034556971729,1.01555253642513
"ACH-000605",-0.278212667311062,0.0071955990918946,-0.70851482154293,-0.396177445877309,-0.596701897764904,0.686385158322,"TE-6",0.945381223263691,1.21939162357203,0.881523978469876
"ACH-000966",-0.453630850288695,0.141198989443774,1.24962943252168,1.00776513169762,-2.31513523784714,-1.03403349445,"IGROV1",1.06168117720894,1.16555082317638,1.04833671571014
"ACH-000627",-1.5137642211848,-1.04856461375614,-0.850905070915151,-0.867864609650036,1.72635348347667,-2.48277919673,"LCLC-103H",0.483740182009041,0.835256005914344,1.01441929573485
"ACH-000750",-0.844989031074752,-1.06447593284026,-1.76279417497354,-0.74031764825376,-2.87749212708043,-2.85893885604,"LOX IMVI",0.685121759966674,1.13312830047173,0.93817764014618
"ACH-000910",0.734028956908469,2.2664451512655,0.168198689392194,1.122024673182,-2.91367542060509,NA,"MDA-MB-453",1.35496861514035,1.0965921310809,0.98737696123066
"ACH-000747",-0.0053234340760505,-0.0757975172206971,-0.180440422672526,0.656530830978015,-2.07595709983444,-1.94266208193,"NCI-H1703",1.12227311350084,1.0066341335087,1.24309768273541
"ACH-000752",0.290988633509818,-0.40496032432349,-1.99510097940861,-1.8822353234291,2.63342997457259,NA,"NCI-H196",0.956897165203467,1.02934143442433,0.921082962938261
"ACH-000671",-1.1412278442043,0.910067899071672,0.608841598886992,0.185224951801864,1.01515129792374,-1.08751930922,"HuH-6",0.877195113543803,0.959103262844165,1.16230335089857
"ACH-000932",0.500262035189776,-1.69351053714375,-0.0168144076031533,-0.597711367236442,0.552000099827869,NA,"SNU-1",0.982448677803082,1.13566173774336,0.990803996625344
"ACH-000900",0.580096858677503,0.415188213563649,-0.905386034493278,-1.14822828871477,-0.852235143048025,-0.798624259234,"NCI-H23",0.878301300730533,1.26281285213737,0.905651773749422
"ACH-000159",-0.0698158020506583,-1.89231914565881,-0.0741671384005274,-0.242970850530706,-0.264357328932568,-1.42947562534,"OS-RC-2",1.2348332223006,0.920559745859574,1.07844147027241
"ACH-000680",-0.0586467442905942,-1.38428365608543,1.61200069361398,0.602701988376486,-0.292619054824617,1.49837262,"SW948",0.816872805825268,1.1259593403396,0.81030557777307
"ACH-000508",0.0867007670373144,-0.0245829489398912,-2.5940878755817,-1.48831406229914,-0.628327538414566,NA,"COR-L88",0.68913441843647,1.05678328281355,0.67314186191029
"ACH-000667",-0.138369290154916,0.749377864698211,0.11148587541213,0.492341593893382,0.398727695362855,0.401931473637,"HCC-44",0.899150567595127,1.15773147649132,0.933689156579986
"ACH-000924",0.271531233259357,-1.74793686771014,0.607135795560813,0.0468780839831779,0.347143015493391,0.343224728704,"NCI-H2172",0.810566890446952,1.04085513548304,0.963021453815725
"ACH-000720",0.570212942487767,-0.249129880658525,-0.0521835996464793,-0.0818925001642276,1.49683819622741,2.30440523497,"TCCSUP",0.998981599698974,1.04908831795112,1.17608375981895
"ACH-000488",-1.0047615564567,-1.27459445076571,-1.23017429661584,0.0205589508445008,0.112776863821285,0.704503342288,"TE-11",0.975732055833811,0.909839201289504,0.961776518843852
"ACH-000330",0.313774784467734,-0.252363756330744,-0.332070077663695,-0.362941921949757,-1.37501940656193,-0.000936171102652,"EFM-19",0.814287069573226,1.0499778606548,0.792413338428268
"ACH-000463",-2.05563521098076,-0.961313181109587,-0.551628241432866,0.0241784027514129,1.42117664696711,0.469652893753,"NCI-H460",0.911271341350535,0.939739106974327,1.1995202231177
"ACH-000343",0.0673945663517719,2.04846979220532,0.443724066208181,0.816657148588053,-1.28467990635496,-0.933914121816,"NCI-H522",0.902054994434408,0.972006128083098,0.906410989789444
"ACH-000810",0.0710800074998464,-0.0965615446972035,-0.0951055592425176,0.503861416373263,0.167243715526694,0.515050657966,"SK-MEL-30",1.08741784111062,1.0253285078104,1.06553606962897
"ACH-000155",0.335031078838292,0.102731955598397,0.378358636881242,0.110517695292275,-0.28036371407838,-0.788448183719,"SW 1990",1.09869371373753,1.15531520841095,0.856243101231445
"ACH-000052",-0.776592064792393,2.50288799159496,0.999423133163367,0.670259763912042,-3.24278829670589,-0.00369217926003,"A-673",1.01745968767895,1.06173587544833,1.0219468335464
"ACH-000768",0.0448360367829088,-3.02398474311169,-0.0692703113358105,-0.297045182979314,1.36026400779449,-0.241347933496,"MDA-MB-231",0.800314464567142,1.15388310506909,1.01212598555533
"ACH-000542",0.0915287912127083,1.83933192170287,-0.693230068434178,-0.261797623701315,-0.0553439096183673,-1.50376859857,"Hey-A8",0.968244323805358,1.05022413902113,1.08510179570919
"ACH-000595",-0.687382725413319,-0.231447885838069,-0.719039829452413,-1.04488394650392,0.34689230393964,0.560896900884,"LN-229",1.20095593581487,0.961314933760172,0.874468847840623
"ACH-000957",-0.0565378520663152,-2.33686346284302,1.80723264246668,0.313183362967602,1.8044234376784,0.210829361426,"LS 180",1.0092370829123,1.07275738905996,1.01775285100813
"ACH-000362",1.20208058575864,2.75018924218501,0.696864314681677,-0.446633843676874,1.15588964487328,NA,"MOLM-13",1.00844019529934,1.2946972761925,1.02781604056545
"ACH-000053",0.233150834404603,-2.04391497714621,0.156883134994383,0.58936652408711,0.0337867430834599,NA,"KARPAS-299",1.05029126095017,1.06085156073286,0.613161689948733
"ACH-000212",0.0837489476910824,1.61343702976235,-0.247368749380099,-0.293802519741828,0.612530996903975,1.01773080577,"CAL-120",0.819717312361999,1.11301909597279,1.37912037727627
"ACH-000979",-1.91289381486404,0.720890455299803,0.845337455714422,-0.820027231739891,1.46356719145972,-0.689819317596,"DU 145",0.848034727124541,1.16287545270517,1.08639007761238
"ACH-000096",-0.336148882403857,0.496760180853831,-0.0751521646400389,0.384443124733887,-2.61674324831692,-0.0452598821749,"G-401",1.01722567445805,1.13130498706175,1.01612663737898
"ACH-000919",0.603055418538613,-3.44273286251742,2.43874872832004,2.73525501555694,0.266858549571332,0.879735645006,"IM95",1.0242764766917,1.10620238653084,0.989646966264291
"ACH-000315",-0.917282328674489,-2.33617353038482,-1.93692939776991,-1.26193742657957,-0.537934279911765,NA,"KARPAS-422",1.0058326428784,1.15892207170181,1.02215677047842
"ACH-000878",0.161587580787707,1.24713317971103,0.143603375718484,-0.223224052622452,1.83431576904764,-0.228900944692,"HCC-15",0.685869476764533,1.5731574489862,1.1240711203181
"ACH-000075",0.708933421426446,-0.694722540293869,-1.34512451344031,-1.22984324547918,0.275636502459443,-1.63111534509,"U-87 MG",1.01981093029332,1.12029933882792,1.01167848886043
"ACH-000222",1.87096773314153,-2.53510917586805,2.89279535445216,1.64435736898741,-0.786699039780029,-0.231624139133,"AsPC-1",0.889174576063757,0.853043492639769,1.14126610891918
"ACH-000898",-1.04479225447422,-2.81536578497535,1.03448540481598,0.703808341047004,2.49726313872137,0.427160001687,"SNU-719",0.956990305451842,1.00286965333775,0.985379343948198
"ACH-000662",-0.463289903760267,0.0106085481378915,0.678333431959824,1.00182264245131,-0.245814032269601,-0.00784042095724,"COR-L23",0.814836697201859,0.963950366879731,0.983828266142264
"ACH-000831",1.60382667531083,3.25129195156567,-1.49501940939798,0.226843542325877,-0.286146669023054,NA,"HEC-50B",0.957081803420477,1.40302357587646,0.968950827283563
"ACH-000479",-1.19063106709544,-2.04237125379377,-0.295992013370192,-2.67288872821921,0.808734502336762,0.394539379903,"KNS-81",0.644726415419906,1.39510372684564,0.607008373370019
"ACH-000318",-2.45261205618517,-1.90656716615001,-0.191599763378995,-0.727943726836464,-0.129190567490346,0.636346153038,"TE-10",1.59801183203435,0.887367802794382,1.03157396792491
"ACH-000198",0.192211473310293,-0.0945760885688804,0.0445856380736229,0.457310985647182,-2.30199064142764,NA,"EOL-1",1.00751446869252,1.44895289106239,1.00881270286116
"ACH-000005",0.0033537389810446,1.76489437018974,-1.13894898690611,0.699224845854609,-2.19018456195708,NA,"HEL 92.1.7",0.88876011652171,0.944417271775855,0.775552060416403
"ACH-000132",0.289094533993656,-0.913329625435159,-0.0412190772442806,0.188222914161082,-0.339058747306472,-0.767106902211,"JHOS-2",0.874772522479426,0.886784043854578,1.05408994172904
"ACH-000407",-0.483201567591052,-0.200035988772781,-0.993098379014227,-0.26732007523417,-0.553928890826554,-4.10669886117,"SNU-685",0.789030185995154,0.957514550604133,1.02966163713734
"ACH-000001",-0.159664865261993,0.279454939086479,0.223237912204496,-0.756668654565791,0.161993525566373,0.514452792496,"NIH:OVCAR-3",0.680472448559374,0.710748800329241,1.17604864088314
"ACH-000410",0.607578368816576,-0.313157627347072,-0.633363670201616,-0.560630851814274,-0.0585085406189864,NA,"Saos-2",0.877237938365246,0.811856320924487,0.873541024512254
"ACH-000917",-1.17090501650157,-0.395918157945247,1.74299317090431,1.09222309207995,1.74610954503628,1.20633054787,"TE-4",1.21249829929217,0.909878025597848,1.21594697488022
"ACH-000620",0.892452260333336,1.61350924305665,2.69965852806473,1.35416043298268,-1.76828037199149,0.106203098407,"JHH-1",1.28449364902895,0.644718486968155,0.996692130924051
"ACH-000890",1.3951597084834,-1.8324822520534,0.22589428020499,0.425552667189731,0.950555269100118,-2.91536317523,"SW 1271",0.901871846654544,1.18804444174122,0.882886759204345
"ACH-000367",-0.599697597684314,-1.23569101736603,0.491429021120583,-1.46061115413449,2.47473696207505,-0.114217385292,"NCI-H226",0.671382648709508,1.06677940712,1.04660873493743
"ACH-000054",-0.443914117201055,0.987045719009861,-0.945118303719415,-0.163450559362282,-0.0180761403634828,-3.58306901716,"HT-1080",0.990360917527266,1.0643683299761,1.02613873295232
"ACH-000777",-1.18986985327689,-1.67374216875848,-0.16100954749521,-0.734353456701078,-1.74153858336372,-2.64323008773,"KYSE-30",0.710613439323848,1.00813279475278,0.935049263641546
"ACH-000364",-0.035985693680467,0.642448554977846,-0.0034502858957329,0.237282419859431,1.48024131047916,2.06929486961,"U-2 OS",1.18861741648697,0.856031848002885,1.23042941966205
"ACH-000738",-0.262596837339485,-1.0017111041338,0.658506313483548,0.108394703783728,0.258472815355728,-1.97287462453,"GB-1",1.19436088856353,1.12061580934402,1.22767193053072
"ACH-000644",0.905936942918511,-1.51841297985715,0.408122610889917,1.03252224042209,-0.0019451631086504,0.868879739782,"COLO 829",1.19065429036458,1.02033994096717,0.738903743779601
"ACH-000378",-1.47306325247791,1.25340442976312,1.17589056399058,0.0039809244238076,1.08451539507499,1.56115375935,"NCI-H647",0.996263466318412,0.781160696457142,0.983568996175456
"ACH-000091",-0.187678847631166,1.88839695243354,0.779278937375483,-0.231941093338507,-0.284467505356817,0.797636994904,"OV56",0.959807501711767,0.952952175565055,1.04525453945358
"ACH-000833",-0.806935533383874,-2.46880457330224,0.183599908986912,0.558078756016791,-1.43962357360297,-1.25620665123,"RH-30",0.793674774096539,0.969508343807387,0.821881898402314
"ACH-000748",0.242624924400702,1.35259507485106,-1.54743682660248,-1.64658850794636,1.01766395267005,0.286224356403,"SJSA-1",0.989156757485926,1.07312359534569,1.04968887104497
"ACH-000421",-0.108564149894122,-1.54781551430423,0.186090371034354,-1.14976264654112,0.76237728776278,0.586106482327,"SW837",0.62983013995163,0.716203872506433,1.08775086603862
"ACH-000433",-0.677566136451429,0.963750763240091,0.761554510877036,-0.0144521675139673,0.316651190221965,-0.481813788611,"Caki-1",0.769942871151491,0.830275863763849,1.14463501748271
"ACH-000281",0.391726797160711,-1.85722585077316,1.00311987737898,0.599586247854811,-0.0721107306179221,0.663962648814,"KP-2",1.06519980552981,0.772458761310343,1.04947534299414
"ACH-000486",-1.34903063140198,-0.0391730754843873,0.172702819964023,-1.00119978814646,-0.134956570344264,1.30065020756,"KU-19-19",0.989607354175276,0.996851348449482,0.97346706519611
"ACH-000879",1.83260376550193,1.86284548524309,1.67396333324043,1.12167574469319,-0.0657884780267227,-0.0108726227542,"MFE-296",0.994743660543823,1.09782611922216,1.00780665792267
"ACH-001075",-0.83996406782718,-1.99173811824511,1.00659056683047,-0.94354318352059,0.629219675407837,0.45081010442,"NCI-H292",0.577165027940449,1.07167709941092,1.04197166082067
"ACH-000039",0.814303581536859,1.90398310576861,-3.21550555703712,-1.98494822924831,-1.13504643870459,NA,"SK-N-MC",1.02064082516744,1.14529018458278,0.675209250033573
"ACH-000008",-1.05409363932246,-0.444201572598425,-0.370510398197316,-1.28337210617849,1.40571534918173,0.557320155377,"A101D",1.12861189829457,1.21759926719496,0.865862590749814
"ACH-000211",-0.983273967031296,-0.665306134149632,0.442655494252706,-0.27801335169984,-0.649340848841958,-1.29791105039,"Daoy",0.950345069004009,1.17588922059758,0.78386054100414
"ACH-000151",0.836988931045855,-0.877130245302508,-1.21003915719251,0.869042481507558,-1.7957051420167,NA,"JM1",1.02636733218229,1.04161603838069,0.993142575237432
"ACH-000728",0.043676280259311,-2.19020355380842,1.09614728253002,1.24667113631138,-0.590663225711546,NA,"KASUMI-2",1.0517790854193,0.682884316147133,1.01473973563685
"ACH-000607",0.744010048982766,2.18764691306542,-0.863357016690244,-0.817812220162869,-0.857838923673649,NA,"KYM-1",1.01447383377067,1.10354903739871,1.01037257191975
"ACH-000809",-0.0553553278438393,-1.05583138138453,-0.365169202713079,-0.917327826186828,-0.968307672332983,-0.925956603803,"KYSE-410",1.04992822710768,1.05007604671381,0.807568585697635
"ACH-000800",1.38196543425292,1.40140492048486,-1.24242647248326,0.0897115584761511,-1.79026046251742,0.215992874036,"NCI-H446",0.960562516671692,1.36977751171708,0.727155483102168
"ACH-000260",0.0221361776985873,1.64590600262717,-0.565320115696132,0.211411585502582,0.469827041342355,-0.101346056641,"SK-N-AS",0.646293439825916,1.06188747767868,1.02734172648302
"ACH-000243",0.644623340227221,0.342506801570123,0.917865860519083,0.573690886227207,0.395966968706122,0.0488771827889,"DAN-G",1.06108014317504,0.885875201549228,1.32665915284983
"ACH-000622",-0.0142234843258914,0.0246577813731754,0.298092710979417,-1.09165948387149,-0.222364727147112,0.581092364938,"KNS-42",0.694936947522083,1.1764539435259,0.795676786779512
"ACH-000335",-1.83598438875179,-0.0288627465155216,-0.329210876528869,-1.01460022123681,0.111448742019379,-2.692338813,"MSTO-211H",0.68951959335623,1.01429522923228,0.937677633478354
"ACH-000963",0.293541988614394,0.337633311523316,2.15155908082812,1.21342132288449,0.390962348244946,0.453075934687,"CCK-81",1.09802752239574,1.16408443993464,1.07625657260528
"ACH-000420",-1.03920014998048,0.139509155841568,-1.23554330857791,-0.205011778519929,0.672004264151029,-2.13878216599,"SNU-449",0.880963115890049,0.963076098387686,1.13436978046465
"ACH-001307",0.68491402983271,1.33615335772235,-0.688599044752747,-0.367002826705439,-1.34026164371052,-0.310716337377,"8505C",0.82232757620653,1.27442567538433,0.82506464081369
"ACH-000235",-1.20908897867906,-1.86740627219684,1.33855518731424,0.0322516165251971,1.07654849162293,0.232161568493,"Panc 04.03",1.07682184532353,0.860144252089767,1.19290042586167
"ACH-000476",0.574415284176031,0.187848490193037,-0.301366083090793,0.997555918185529,0.252201174476568,0.452102468797,"JHH-4",1.08831594692373,0.91000666884903,1.07456195282351
"ACH-000371",1.2547109547561,-1.267065829977,-0.960052652543927,0.256371913813877,-0.34777442247013,NA,"RL",1.01881546670603,1.12611159370999,1.03221983871367
"ACH-000961",-0.257745721034875,0.237976747619561,-0.360532151630248,0.130560761000455,-0.624606242761303,0.510549477966,"Ishikawa (Heraklio) 02 ER-",1.01529967539905,1.10304976845629,1.03632484290033
"ACH-000974",0.448376780687145,0.587286599548858,0.448773561190253,0.686538538853889,0.589506995192763,-0.665798997594,"SNG-M",0.977412880268061,1.10896671062982,0.992759908682873
"ACH-000098",-1.0206334976561,-0.689188413590659,-1.69409634971125,-0.859523054965069,0.399529117410368,-0.0924283610144,"GAMG",0.830397079500479,0.569680623696743,0.84539455542784
"ACH-000922",1.13381297581467,-0.616187172973513,-0.402190345090762,1.51445486390638,-1.44229562896742,NA,"RCH-ACV",1.07256959673555,1.15879618527865,1.0083881946483
"ACH-000493",-0.935388029668076,-0.901661377800898,0.618180913473457,0.059831544356628,0.0788941195674735,-1.12740674587,"SNU-423",1.06313106420577,1.23730890568234,1.15405654817585
"ACH-000201",-0.400155977046148,1.40564058250109,-0.594753689832675,-0.807200140051036,0.390328320449321,0.411352811237,"A-204",1.01874572624466,1.1200568954528,1.02454210965742
"ACH-000535",-0.345097768716821,-1.4299761343201,0.302306595288294,-0.519644450068267,0.810357645611353,0.466306016205,"BxPC-3",0.87100385548081,0.870756868606441,0.902593436514449
"ACH-000511",1.61903020277668,-1.80903742132573,-1.00944101840586,-0.426482048376896,-0.46937535145821,NA,"Calu-1",0.827998832305845,1.35195945653031,0.784001398199871
"ACH-000996",0.0203331776468787,-0.375235065824357,0.804591741631295,-0.0349882447178865,-1.74831844608333,0.274647569681,"HEC-251",1.07094858062322,1.04678043445088,1.02913635078607
"ACH-000004",-0.308049070720799,1.06032765305804,-1.27944677382352,1.45190557604243,-2.19405576568863,NA,"HEL",0.868259508282725,0.946508477429405,0.81140755664688
"ACH-000693",-0.639973926145951,-0.0373242645826661,0.158047922112485,-0.138831190372236,0.55396135566395,-0.0694514234108,"KYSE-180",0.868325078024008,1.21099924261584,0.835103064536794
"ACH-001129",0.188633077075725,0.506656580172307,2.02615892209801,0.0955585581692043,1.75104777607581,NA,"MONO-MAC-1",1.04308648059012,1.13550209707224,1.31290410135454
"ACH-000376",0.678309642742376,-0.48183461356473,-0.639904306910675,0.425743293407271,-1.2650198157975,0.750568263447,"SF-295",1.03453791915176,1.27224757817194,0.762691477275824
"ACH-000730",-0.254963322188708,-0.584933718486735,0.1246896499961,0.453246245787687,0.230473844797032,0.190645262472,"SK-MEL-5",1.15457422559422,0.919105385646481,0.846591583053435
"ACH-000030",-0.146997600019548,-0.640867453000236,1.84402751654671,0.318565728646536,-0.306948891150643,0.973658935231,"PC-14",1.23822470031283,0.991253475271515,1.16058648656407
"ACH-001190",0.748159749927117,-1.42630071401814,-1.28424491816372,-1.40718617623323,0.0292921988778825,0.553455881275,"SK-MEL-2",0.596344466922408,1.08146092204013,0.99416967877267
"ACH-000632",-0.753217531235754,-1.0686656777812,-0.581401640723872,-0.119343490583506,0.593864581195501,0.171424664016,"Hs 944.T",1.08045275355531,0.920354574444569,1.07993467846428
"ACH-000848",-0.359932723864424,0.850342662099601,1.39650855253716,1.29188947298597,0.249733873412464,0.174108588413,"JHH-7",1.43372468632258,0.919662892507926,1.03172701851769
"ACH-000614",0.938663297643468,0.975244867511282,-0.771389685376701,0.120281544007741,-0.0973130264351116,0.0901714685816,"RVH-421",1.42979331752262,1.04812766093384,0.793008135783853
"ACH-000070",-0.325193375662907,-0.282962106196376,-0.231797049176993,0.13869562252682,-2.03909583944578,NA,"697",1.07453884485994,1.10697259197671,1.05238482752467
"ACH-001306",0.639373524811287,0.95301210822885,-0.370653102107447,-0.0587695797798775,-0.52548418098454,-1.61701949313,"8305C",1.37113397850866,0.812937469488351,0.74636129255108
"ACH-000882",-2.47504004197858,-2.02795591256039,-0.528835051093135,-0.14236577745288,1.70309853728248,0.129283768789,"IGR-1",1.27763636034208,0.732900019593637,0.739495113007264
"ACH-000652",-0.0813484460535268,-0.249756231449886,1.68978946925957,0.67154458785958,1.91736879458728,-0.0490064282529,"SUIT-2",0.881767236536165,0.90751985541001,1.06997844008613
"ACH-000819",-2.40614905807794,0.356274769474775,-0.509012685086648,-0.866652910461523,-0.22459270441365,-0.00142702179624,"LN-18",0.838098845534306,0.923190244887852,0.836638689551066
"ACH-000977",1.30856867931489,1.8682361515645,0.987126674270119,0.413725796236577,-2.18202920634916,0.736710275317,"LNCaP clone FGC",0.850794554013474,1.06477226893008,1.03332399286939
"ACH-000945",2.34828718039693,0.991705451376596,-0.756984674430814,-0.386622471547417,-0.248240977956663,-0.143701807213,"NCI-H650",0.757630032386604,0.981684013589609,0.91434887387152
"ACH-000954",-0.279446096047578,0.0643890479585102,0.153652401627672,-0.0833053007211661,0.0489050264582448,-0.544375692941,"HEC-1-A",1.04166951788321,1.07493014983148,1.0224002958626
"ACH-000118",-0.135465736472236,-0.185577115848308,-0.823994281391721,0.0369714112258148,-0.0181272504937874,-0.53512310485,"HUP-T3",0.683495778935325,1.18325549365533,0.697068696065064
"ACH-000576",1.89659212815208,1.97087656393902,-0.446352224809628,0.57816596116653,0.450545852003047,NA,"KMS-27",0.995753308699223,1.37677080020347,0.996590079354012
"ACH-000832",-1.01710332769073,-0.799026422251463,0.260813405419053,-0.466534268024454,-0.0807196611378905,0.138048254744,"CAL 27",1.06151136435165,1.07639379720427,1.00547525044127
"ACH-000701",-0.747974115568191,-1.37379865856122,1.63114709993252,0.416277132001342,-0.620943916960977,0.170506777905,"RMUG-S",1.08377492270082,0.607489690766611,0.669807533906232
"ACH-000368",0.0643638407875199,-0.933256972075099,-0.774814620950063,-0.743219868161084,-0.0128750504795502,0.482032099059,"SNU-1105",1.02419514399833,1.14694014510379,0.998738462047009
"ACH-000406",0.678354763727351,0.0490062332135326,0.524394439710919,0.128628571139439,-0.577201735982116,NA,"U-937",0.888423959594339,1.20006003940446,0.879695616475124
"ACH-000429",0.40780622650314,-2.19517038785041,0.158003522692227,-0.643158270180673,-1.3407746601211,1.60147665116,"A-704",0.961981820543576,1.09757573167097,1.01876426260447
"ACH-000899",-0.143122505632937,-1.22578400509153,-0.249790781654549,-0.62961183410657,1.20792721381828,0.657581264281,"WM88",1.26526990890554,0.939452891535867,0.942751941876588
"ACH-000714",1.30659913206101,1.95860920193905,-0.853919889741148,0.222512404322396,0.615768038541099,NA,"KMS-11",1.02523440098179,1.03400699103359,0.98061353075144
"ACH-000938",0.760131740095976,-0.532893590427148,-0.603649022888682,2.07017308068687,-3.2126768269829,NA,"NALM-6",1.10998935261449,1.04778449664595,1.02404143731984
"ACH-000153",-1.80008151281141,-0.970024310865995,-0.181900672803025,-0.785337248237659,1.44055474800372,-0.334175830297,"NCI-H2052",0.99258560076282,1.15794613313919,1.07767407542077
"ACH-000291",-1.23295562552389,-0.27449680985304,1.58857544893387,-0.335161105582841,2.6676678341639,-0.793206765165,"OV-90",0.606751864869225,0.672126790966584,0.964065775917809
"ACH-000087",0.443784553045049,1.5316549704282,-0.599251162786779,0.761609686811401,-1.35843763249769,0.504436167308,"SK-ES-1",0.958342163702522,0.967703150554021,0.989883420766246
"ACH-000192",0.500306691623886,0.804834682172923,0.927606648614651,-0.0941966058745912,-2.24880867455943,0.604409495355,"MFE-280",0.912337602038387,0.845621176329759,1.15997147171942
"ACH-000624",-0.734075389614527,-1.73636360775054,0.775971025301709,0.0328176377182914,0.46590411754853,1.38088495525,"HCC1806",0.996722491393798,0.981799572835343,1.2701970728774
"ACH-000202",0.898849049428721,1.77508097631218,0.718723690948389,1.57497788349929,-0.0833832604587365,NA,"COLO-320",0.909909834350882,0.931919742926891,0.916558920274188
"ACH-000015",1.61413539804291,0.295321603362635,-0.382021696150848,-0.0369590420505602,-0.008659601690755,0.101161169709,"NCI-H1581",0.75374797946363,0.860718794493318,1.20870465213888
"ACH-000496",-1.25154409197038,-1.05340755860096,-0.325314159866726,-0.224026143445715,1.37586505164271,0.599500480262,"NCI-H1792",0.944902524231074,1.05589761336416,0.964345176173455
"ACH-000657",1.11313377218623,1.79271015865445,-1.69343663118986,0.731098716154898,-2.64597216964042,0.178848937878,"A2780",1.01739061830038,1.01394994820536,0.993513199218247
"ACH-000351",0.650999028820623,-0.687833137214959,0.250593157611885,-0.653275481859921,-0.215044792626818,1.4525950752,"MKN1",0.803708157620143,0.796349772317761,0.753773616962631
"ACH-000699",1.01436630917177,-0.0704853139914614,-1.40818204610898,0.09956514395556,-1.53917825321495,-0.00698924586533,"HCC1395",1.44435005261556,0.81922892562525,0.820925990429972
"ACH-000852",-0.305032686500266,1.83302372792173,-0.348142347925861,-0.372637097868135,0.988229728099732,0.159295097773,"NCI-H1435",0.736534691019514,0.721148190929878,1.12917145613674
"ACH-000869",-1.2900124999999,1.48415224051764,-1.42089840364523,-0.930090921066324,-0.672400439427259,-1.67223690418,"NCI-H1568",0.857899986346479,0.884866626597972,0.909048940769884
"ACH-000524",0.0331549529207653,-1.0964668690088,0.036117344201293,-0.566167814326504,-1.32238764013748,-0.428877019426,"KURAMOCHI",0.835501282664171,0.880360488854873,1.07445166782832
"ACH-000793",1.71465828266868,-2.68068180579097,1.700042010116,1.58975896025312,2.07149013984872,NA,"KATO III",0.996608909812206,0.743013101354543,0.955056908716757
"ACH-000988",1.17964357849376,1.74418546024228,0.256546511423935,0.237589427506583,-1.53081300863658,1.4543552151,"MFE-319",1.0130066070138,1.04024045957068,1.03487187245751
"ACH-000190",0.0845445687376752,1.876512424596,-0.395034917739949,0.436054514393476,-0.220478491994885,NA,"HD-MY-Z",0.91822885009276,1.20457720580755,1.16644331674012
"ACH-000643",-0.193164877516979,-0.24103292407106,1.11909926788927,-0.287894797576946,-0.352668719357828,0.332863671915,"HDQ-P1",0.968457537486562,0.78018112965414,1.08911067611151
"ACH-000217",-0.464697389717558,-0.347609271805952,1.28301698402304,0.55417457519393,1.87311626864264,2.1598080483,"JHH-6",1.04553450077048,0.945756227894713,1.41633810444546
"ACH-000883",-0.358984393464157,-1.70884633269672,-0.0016049725440938,-0.436908604572583,-0.46793308132986,-0.300121686762,"SW 1783",1.03447440265691,0.997152256148526,1.01038944201289
"ACH-000375",0.0890780522022192,1.33111921026013,0.42050932947224,0.581031533562036,-2.17322020411497,-0.767398303785,"G-402",0.947152361889248,1.06879694851991,1.01001874765253
"ACH-000040",0.168629799850568,-1.18852545859842,-0.438166631135503,-0.676895592938154,0.422867964813722,-1.42362258425,"U-118 MG",1.13325180969173,1.3689365631466,0.869833725735777
"ACH-000855",-0.494952309555853,-1.69634932714348,-0.407080251225725,-0.0623343264144163,0.537494780788868,0.0893402303955,"KYSE-150",1.022679051133,1.02043211639876,1.02213788712366
"ACH-000427",-0.36544487317785,-0.748791464749776,2.15999140538762,0.502229724246213,1.03610080902979,0.956455937238,"NCI-N87",1.09356568128984,0.739355958307936,1.06077294440964
"ACH-000400",-0.252942917116212,-0.53366876366638,0.551250203038293,-0.438375591361179,1.94814988026109,0.884433054635,"SK-CO-1",0.742297702358503,1.07186216492138,0.97222948269531
"ACH-000365",0.369473085930125,2.03717937929302,-1.86874734837029,-0.0346793109326753,-1.4191731397156,NA,"SU-DHL-4",1.05734370535687,2.05726377031683,0.948310014855154
"ACH-000411",-0.327989197238195,0.100385852883546,1.22567003405649,0.108653871565365,0.682895290454801,0.442065530067,"769-P",1.0456365284605,1.11145035826043,1.04038781121813
"ACH-000580",0.6458359305779,-1.27508552430575,-0.544873308278925,0.0393866357086058,1.14108500396914,0.716807518238,"C32",1.35629187549523,1.15608461605528,1.02597164500001
"ACH-000994",0.26762610073324,0.208149166854087,0.180526383984037,0.301437885643833,-3.10256429170594,-0.166191902468,"HEC-59",1.01034744339531,1.07550283600072,1.07027696228643
"ACH-000551",0.542853537459708,2.4031928930162,0.429782277014266,-0.270572783216192,1.24327162333498,NA,"K-562",0.819085094268356,1.14801153284001,1.25156047515192
"ACH-000911",-0.259898108218077,-2.09473666116847,-0.334556000966278,-0.800933667627269,0.340015194721754,0.986198957393,"NUGC-3",0.93329564137037,0.967739899820067,0.895000009945635
"ACH-000169",-0.934187472012707,-0.491158889309453,-0.897917368118527,-0.447219819801064,1.05534101450191,-2.2220937724,"RD",0.950695403323309,1.1383025776067,1.07326369938943
"ACH-000782",1.14472417101961,-1.46589382289542,0.667639879348107,0.625834936450512,-1.02473402333626,NA,"SEM",0.979468014284633,1.11725215614494,1.04315380638195
"ACH-000790",-1.4422737783532,1.04532651146924,-1.11181526355621,0.253625041647259,1.08373930969105,NA,"SHP-77",0.979538343357628,1.07032619765906,0.573222681388502
"ACH-000424",0.895892895808756,1.23329386853204,0.0813620935337531,0.47747312231475,-2.26408462111142,NA,"TC-71",0.979369894612552,1.12444783906694,1.15387429571466
"ACH-000223",-0.385565379816561,-0.854947562253592,0.548924400033541,0.0634941804222381,-1.48435808701516,-0.945372784183,"HCC1937",0.856393060481651,0.857964087117303,0.641114394392726
"ACH-000997",0.513687684074777,-2.04122311271289,0.768330470747492,0.438607025377974,0.743773308974832,0.288742741297,"HCT-15",1.01953823606227,1.20206142718577,1.02968342176704
"ACH-000784",-0.657963823629339,-0.60001988956894,-0.536064061087306,0.0729645245319239,-0.487513618804272,1.15317781641,"KYSE-70",1.11969464499691,1.17467340461937,1.08748242884025
"ACH-000666",-0.941030441991176,0.746228821240942,1.10519794809396,0.301245117525104,0.0464805430663894,1.05224657274,"NCI-H1355",0.897352793262322,0.976695862700973,0.917088037045075
"ACH-000589",-1.07455837357375,0.885538330454712,1.98928756401396,0.454436118054048,0.663928613734799,0.316405734077,"NCI-H1437",1.0961487182292,0.921842453623422,1.07888744378495
"ACH-000311",-0.945846067328408,1.81329913622362,0.524652842581151,0.650024053050944,0.858529663874367,0.277517827787,"NCI-H2122",0.896688380497159,0.930622771128741,1.12595988214245
"ACH-000827",0.401759249441041,-0.142034251563586,-1.55166763556735,-1.06555669713731,-0.17387207147295,1.52055079949,"WM793",0.976893751120028,1.03158821997717,1.00340218209896
"ACH-000521",0.582366093878266,-0.967368534094541,-0.641378370500301,0.295650586246114,0.692863160395939,0.597389021513,"NCI-H2030",1.01406499921962,1.06022534280307,1.01601172853398
"ACH-000956",1.25785965351778,0.190753195551548,0.187025819135288,0.289427617846136,-1.99024205851626,0.982319114742,"22Rv1",1.01956787981748,1.12808832651116,0.990047418070749
"ACH-000264",-0.435283532621665,-2.00268448723056,1.45836372282723,0.52349708797774,0.732336636261586,-3.97918570767,"Calu-6",0.842173929591695,1.2027546696626,1.12905746735349
"ACH-000846",-0.808034738976768,-1.78756964536391,-0.661329338155719,-0.410704090739156,0.3609911206948,0.403161734391,"FaDu",0.845243351848877,0.738619614509612,1.00756075866141
"ACH-000265",1.36857375842724,-0.66800429368686,-0.206916970850654,0.804840918742955,-1.59225861576761,-0.355351831762,"KP-4",0.803779062736206,1.05501555977115,1.11203221604359
"ACH-000696",-0.12208923615634,1.54973173237518,-1.01712781381301,0.70050628300645,-0.0275057069474636,0.593059434031,"OVCAR-8",0.91261133855549,0.99873832216949,1.11143478035969
"ACH-000146",1.22787180015281,0.0270665963382936,-0.103603559693729,0.367933867797849,-0.889931753716849,NA,"THP-1",1.04436916497807,1.04244862824596,0.629357321159983
